{
  "feature_names": [
    "sepal length (cm)",
    "sepal width (cm)",
    "petal length (cm)",
    "petal width (cm)"
  ],
  "class_names": [
    "setosa",
    "versicolor",
    "virginica"
  ],
  "samples": [
    [
      4.400000095367432,
      3.200000047683716,
      1.2999999523162842,
      0.20000000298023224
    ],
    [
      6.300000190734863,
      3.299999952316284,
      4.699999809265137,
      1.600000023841858
    ],
    [
      5.699999809265137,
      2.799999952316284,
      4.099999904632568,
      1.2999999523162842
    ],
    [
      5.5,
      2.299999952316284,
      4.0,
      1.2999999523162842
    ],
    [
      4.400000095367432,
      3.0,
      1.2999999523162842,
      0.20000000298023224
    ]
  ],
  "expected_labels": [
    0,
    1,
    1,
    1,
    0
  ],
  "expected_probabilities": [
    [
      0.986659049987793,
      0.013340872712433338,
      5.038459605088974e-08
    ],
    [
      0.005497705657035112,
      0.661752462387085,
      0.3327498137950897
    ],
    [
      0.027237311005592346,
      0.9187514781951904,
      0.05401115119457245
    ],
    [
      0.02224602922797203,
      0.9332699179649353,
      0.044484060257673264
    ],
    [
      0.9829214215278625,
      0.01707843877375126,
      6.386118656109829e-08
    ]
  ]
}